Ken Anderson,ken.anderson@example.com
Tony Perry,tony.perry@example.com
Jerome Montgomery,jerome.montgomery@example.com
Margie Pearson,margie.pearson@example.com
Frances Kuhn,frances.kuhn@example.com
Ron Harrison,ron.harrison@example.com
Claire Knight,claire.knight@example.com
Thomas Olson,thomas.olson@example.com
Joe Morrison,joe.morrison@example.com
Levi Parker,levi.parker@example.com
Donald Andrews,donald.andrews@example.com
Sonia Jacobs,sonia.jacobs@example.com
Theodore Alvarez,theodore.alvarez@example.com
Andy Roberts,andy.roberts@example.com
Penny Reynolds,penny.reynolds@example.com
Norma Turner,norma.turner@example.com
Ricky Torres,ricky.torres@example.com
Stephanie Alexander,stephanie.alexander@example.com
Marvin Montgomery,marvin.montgomery@example.com
Antonio Hicks,antonio.hicks@example.com
